survived,pclass,sex,age,sibsp,parch,fare,embarked,class,who,adult_male,deck,embark_town,alone
0,3,female,34.8,0,4,55.98,Q,Second,child,False,A,Cherbourg,False
1,1,male,14.4,2,2,6.21,S,Second,man,True,G,Queenstown,True
0,1,female,41.2,1,2,48.57,Q,Second,man,False,B,Queenstown,True
0,2,male,24.4,3,2,97.09,C,Third,child,False,D,Southampton,True
0,3,male,26.3,3,2,75.49,S,Second,man,True,G,Cherbourg,True
1,3,male,22.9,3,3,68.41,Q,First,man,False,E,Cherbourg,True
0,1,male,34.2,1,2,102.37,C,First,child,False,D,Southampton,True
0,2,male,19.0,2,3,21.19,S,Second,man,True,A,Southampton,False
0,3,female,42.6,4,3,50.76,C,First,woman,True,E,Southampton,False
1,3,female,28.1,2,2,29.18,C,Third,child,False,C,Queenstown,True
0,2,female,24.9,0,1,39.14,C,Second,woman,True,E,Southampton,True
0,2,male,40.5,3,2,9.75,Q,First,man,True,D,Queenstown,False
0,3,male,25.5,2,2,36.24,S,First,man,True,B,Cherbourg,True
0,3,male,43.3,4,2,48.89,S,Second,child,False,C,Cherbourg,False
1,2,female,43.7,0,1,35.14,Q,First,man,False,D,Queenstown,True
0,3,male,11.3,1,0,43.56,S,Second,child,False,C,Queenstown,False
1,1,female,45.5,1,0,66.2,C,First,child,False,E,Queenstown,False
1,1,female,9.5,4,3,99.55,S,Third,child,False,A,Queenstown,True
1,2,male,46.4,0,3,102.45,Q,First,child,False,D,Southampton,True
0,2,male,58.4,3,1,80.46,C,First,child,False,nan,Cherbourg,True
1,2,female,42.2,2,4,0.4,Q,Second,woman,True,B,Southampton,True
0,1,male,-0.2,0,0,35.58,C,First,child,False,nan,Queenstown,False
1,3,female,44.9,1,3,39.03,C,Second,woman,False,nan,Southampton,True
1,1,male,61.4,4,0,23.71,S,Third,man,True,G,Southampton,False
1,3,male,25.8,4,1,63.69,C,Second,child,True,E,Cherbourg,True
1,1,female,29.5,2,1,13.77,Q,Second,man,True,D,Southampton,False
1,3,male,13.4,4,4,117.74,S,First,child,False,B,Cherbourg,True
1,1,female,34.4,4,4,97.81,Q,Third,woman,True,D,Queenstown,True
1,2,male,47.8,0,1,69.13,C,Second,woman,False,E,Southampton,False
1,1,female,39.8,3,3,47.52,Q,First,woman,False,D,Queenstown,True
0,3,female,74.0,2,0,99.15,Q,First,man,False,C,Cherbourg,True
0,1,male,30.5,0,2,77.58,C,Second,child,True,E,Queenstown,True
1,1,female,7.2,3,4,94.27,S,First,man,True,D,Queenstown,True
1,1,male,32.4,0,2,47.64,Q,Second,woman,False,G,Cherbourg,True
1,2,male,-3.8,0,3,121.57,C,Second,man,False,A,Queenstown,False
0,1,male,22.5,4,4,96.68,S,Second,woman,False,D,Queenstown,True
1,2,female,52.7,3,2,70.38,S,Third,woman,True,C,Queenstown,False
0,2,female,34.6,2,3,100.24,S,Second,woman,False,B,Southampton,True
0,1,male,32.5,2,0,33.23,Q,First,child,True,G,Queenstown,True
0,1,male,55.5,3,3,3.3,Q,Third,child,False,B,Cherbourg,False
0,1,female,26.2,4,4,62.86,Q,First,woman,True,nan,Southampton,False
0,3,male,47.7,1,1,47.72,S,Third,man,False,G,Southampton,False
1,1,male,31.8,0,0,42.09,Q,Third,man,True,B,Cherbourg,False
1,2,female,35.3,4,2,98.65,C,Third,child,True,A,Queenstown,False
1,1,male,13.0,3,4,56.69,Q,Third,woman,True,C,Southampton,True
1,3,female,23.3,0,1,60.54,Q,First,man,True,nan,Southampton,False
1,1,male,10.4,2,3,36.92,S,Second,woman,True,E,Southampton,False
0,3,female,28.7,1,1,85.24,Q,First,man,True,B,Queenstown,True
1,3,male,35.5,2,4,78.08,C,Second,child,False,G,Southampton,True
1,1,male,14.5,3,4,84.95,S,First,woman,False,C,Cherbourg,False
0,2,female,58.7,0,1,30.11,C,Third,woman,False,D,Queenstown,False
1,3,male,33.9,3,3,102.16,S,Third,man,False,A,Cherbourg,False
0,1,female,30.8,0,1,123.55,S,Second,man,True,C,Cherbourg,True
1,1,male,40.8,4,4,83.68,Q,Second,man,False,C,Southampton,False
0,2,female,18.4,1,4,17.63,C,First,woman,True,E,Southampton,True
1,3,female,32.3,4,2,17.91,S,Second,child,True,C,Southampton,True
1,3,female,20.0,4,2,34.98,Q,First,child,True,E,Cherbourg,True
0,1,female,51.8,3,0,27.42,S,Second,man,False,A,Queenstown,True
0,1,male,15.2,1,4,47.16,S,Second,child,True,A,Southampton,False
0,2,male,30.9,0,2,75.3,S,Second,man,False,D,Southampton,True
0,2,female,34.6,0,1,61.6,S,Third,child,False,E,Cherbourg,True
0,3,female,35.5,2,3,58.09,S,Third,woman,False,E,Queenstown,False
0,3,female,21.9,0,1,40.35,S,First,man,False,B,Cherbourg,True
0,1,male,17.5,3,3,47.05,Q,Second,child,False,B,Southampton,False
0,3,male,22.1,4,2,81.86,S,First,woman,True,D,Cherbourg,True
1,2,male,37.4,4,0,30.48,C,Second,child,True,A,Southampton,False
1,2,male,28.0,4,1,49.54,Q,Third,woman,False,F,Queenstown,True
0,1,female,41.1,1,1,61.52,C,Third,woman,True,B,Cherbourg,True
1,2,female,36.7,0,1,81.34,S,Second,child,False,C,Southampton,False
1,2,female,-1.9,3,3,9.6,C,Second,child,True,A,Southampton,True
1,2,male,33.5,1,2,7.48,S,Third,woman,True,F,Southampton,True
1,2,male,61.5,2,1,73.36,S,Third,woman,True,nan,Southampton,False
0,1,male,48.6,3,1,26.18,Q,First,woman,True,C,Cherbourg,True
1,1,female,35.9,3,0,103.29,Q,Third,man,True,G,Southampton,True
0,3,female,15.2,3,0,59.06,S,Second,woman,True,E,Cherbourg,False
1,2,male,36.7,4,2,112.35,Q,First,man,True,A,Southampton,False
1,3,female,40.4,3,2,6.52,C,Second,woman,True,G,Cherbourg,False
1,1,male,26.4,0,4,32.55,Q,First,man,True,D,Cherbourg,False
0,1,male,34.4,3,0,46.31,Q,Second,woman,True,E,Southampton,False
1,1,female,51.1,4,4,18.17,C,Third,woman,True,E,Southampton,True
0,1,male,18.0,3,3,42.65,Q,Second,woman,True,C,Southampton,False
1,1,female,15.2,2,4,28.51,S,First,child,True,G,Southampton,True
0,1,male,39.7,2,1,34.21,C,Second,child,False,E,Queenstown,False
1,1,female,36.4,4,4,29.49,S,First,woman,True,B,Southampton,True
0,2,female,44.4,0,2,39.7,C,Second,man,True,A,Southampton,True
0,3,female,38.0,0,3,95.88,S,Third,man,True,B,Southampton,False
1,1,male,22.1,1,1,48.6,S,Third,woman,True,C,Cherbourg,True
0,2,male,36.1,4,4,116.33,Q,Second,child,True,F,Southampton,True
1,2,female,14.0,3,3,81.45,S,Second,man,True,nan,Cherbourg,False
1,3,female,26.5,4,3,103.93,Q,Second,child,False,C,Cherbourg,False
1,1,male,37.0,1,1,19.4,C,First,man,False,A,Cherbourg,False
1,3,male,25.0,4,4,18.43,S,Second,woman,False,E,Cherbourg,False
1,1,male,64.6,4,3,63.82,S,Second,child,True,G,Queenstown,True
1,2,female,3.5,1,3,13.11,C,First,man,True,G,Southampton,True
1,2,male,22.3,0,0,68.85,C,Third,woman,True,D,Cherbourg,True
1,2,male,16.9,3,3,37.04,S,Second,woman,False,C,Southampton,True
1,2,female,20.2,1,0,103.2,C,Second,woman,True,A,Cherbourg,True
1,3,male,21.0,2,4,77.18,Q,Third,child,True,D,Queenstown,True
1,1,male,11.4,0,4,93.87,C,Third,child,False,E,Cherbourg,False
0,1,male,40.5,2,4,19.83,C,First,woman,False,F,Southampton,True
0,3,female,22.3,0,2,91.93,S,Second,child,True,C,Southampton,True
1,1,female,32.3,3,4,107.79,Q,Second,man,True,F,Queenstown,True
1,2,female,23.9,3,3,48.45,C,First,woman,True,A,Southampton,False
1,1,female,20.3,4,1,20.43,Q,Third,woman,True,F,Southampton,False
1,2,female,53.4,2,0,21.13,Q,First,child,False,F,Cherbourg,False
1,3,female,42.9,0,2,99.56,Q,Third,woman,True,A,Southampton,False
1,1,female,3.8,3,4,157.37,S,First,man,True,A,Cherbourg,True
1,3,male,2.4,1,4,10.73,C,Third,child,False,C,Queenstown,True
1,1,male,44.6,3,1,7.66,S,First,child,True,F,Southampton,True
0,2,female,22.7,1,1,86.86,C,Third,woman,True,D,Cherbourg,False
1,3,male,6.9,0,2,19.84,C,Third,woman,False,nan,Southampton,True
0,1,male,44.6,3,0,90.73,S,Third,woman,False,A,Cherbourg,True
1,2,female,32.4,3,4,68.61,Q,Third,child,True,E,Queenstown,True
1,3,male,33.5,0,2,49.04,Q,Third,woman,False,F,Cherbourg,False
0,3,male,41.3,3,3,67.65,C,Second,man,False,A,Southampton,False
1,1,male,11.7,1,3,65.21,S,Third,woman,True,D,Cherbourg,False
0,1,male,7.2,3,2,42.82,Q,Second,woman,False,G,Southampton,True
1,1,male,52.1,2,4,20.25,Q,Third,child,True,C,Queenstown,True
1,2,female,9.9,4,2,57.15,C,Second,woman,True,F,Cherbourg,True
0,1,female,12.9,1,4,112.92,C,Second,child,True,G,Southampton,True
1,3,female,15.7,2,1,14.35,S,First,woman,True,A,Southampton,False
0,3,male,59.1,0,2,11.37,C,Third,man,False,A,Southampton,True
1,1,female,36.9,1,4,67.07,Q,First,man,True,E,Cherbourg,False
0,1,male,43.5,4,2,51.54,Q,First,child,True,E,Cherbourg,True
0,3,male,32.7,4,2,66.45,Q,Third,child,True,F,Cherbourg,False
1,2,male,21.6,0,4,22.03,Q,First,woman,True,G,Queenstown,True
1,1,male,38.8,0,4,96.5,S,Third,woman,False,nan,Southampton,True
0,1,female,8.2,1,0,51.88,S,First,man,False,G,Southampton,False
1,3,female,14.7,3,2,77.88,C,Third,woman,False,A,Queenstown,False
1,1,male,40.3,0,3,62.81,C,Third,man,True,nan,Queenstown,True
1,2,female,11.0,3,2,57.02,C,Third,child,False,F,Cherbourg,True
0,3,male,27.4,2,2,75.07,S,Second,woman,False,A,Cherbourg,True
0,1,female,28.0,4,4,57.46,Q,First,child,True,E,Cherbourg,False
0,3,female,22.6,3,2,2.39,C,Second,woman,False,D,Cherbourg,True
0,1,male,2.7,4,2,93.49,Q,First,man,True,B,Cherbourg,False
0,1,female,21.2,3,3,82.73,C,First,child,False,nan,Cherbourg,True
0,1,male,18.5,2,4,34.27,C,First,child,False,B,Queenstown,True
0,2,female,32.3,0,2,23.83,C,Second,woman,False,A,Queenstown,True
0,2,male,31.5,2,1,91.69,C,First,child,False,G,Queenstown,True
0,3,male,35.3,0,0,23.08,C,Second,man,True,E,Southampton,False
1,1,female,20.5,0,3,87.74,Q,Third,child,True,C,Southampton,False
0,1,female,37.3,4,2,44.35,C,First,child,False,C,Cherbourg,True
1,2,male,8.2,2,1,103.61,Q,First,woman,True,B,Queenstown,True
1,1,female,4.5,3,2,49.95,S,Third,child,False,D,Southampton,True
1,2,female,-2.7,2,2,21.12,C,Third,woman,False,B,Southampton,False
0,1,male,23.0,4,4,62.32,Q,First,woman,False,A,Queenstown,True
0,3,male,19.5,0,4,48.78,S,Third,child,False,D,Southampton,False
0,1,female,41.1,4,4,17.57,S,Second,man,False,C,Southampton,False
0,1,male,20.9,1,1,138.73,S,Second,woman,False,G,Queenstown,False
1,2,male,33.8,1,2,11.16,Q,First,child,True,E,Southampton,False
0,1,male,41.4,3,0,39.72,C,Second,woman,True,nan,Queenstown,True
0,1,female,20.4,4,3,113.27,C,Second,man,False,E,Southampton,True
0,2,female,34.2,3,4,26.66,Q,First,man,True,A,Queenstown,False
0,3,male,44.0,3,4,38.13,C,Third,woman,False,B,Southampton,True
0,3,female,12.7,1,2,35.68,Q,First,man,True,A,Southampton,True
1,2,male,30.3,3,2,27.21,C,Second,child,True,nan,Queenstown,True
0,2,female,20.5,1,1,19.35,S,First,child,True,E,Southampton,False
1,2,male,13.6,0,1,10.13,C,First,woman,False,nan,Queenstown,True
0,2,male,8.5,4,4,52.59,Q,Second,man,True,C,Queenstown,True
1,2,female,13.3,3,2,33.92,Q,Second,child,False,E,Southampton,True
0,3,male,30.8,1,0,79.21,S,First,child,False,D,Cherbourg,True
0,3,female,7.4,2,3,69.31,Q,Second,child,False,G,Southampton,True
1,2,female,22.3,3,2,12.9,C,Second,woman,True,nan,Cherbourg,True
1,1,male,41.4,0,2,54.34,C,Second,woman,True,G,Cherbourg,True
1,2,male,36.3,0,1,33.29,S,Second,child,True,F,Southampton,True
0,1,female,22.6,2,3,10.33,Q,Second,child,False,E,Cherbourg,True
1,2,male,53.7,1,4,77.58,S,Second,man,False,E,Queenstown,True
0,2,male,56.5,3,2,45.15,C,Third,man,True,G,Queenstown,False
0,3,male,30.4,1,4,33.7,S,First,man,False,F,Cherbourg,True
1,1,male,-4.6,0,2,15.78,Q,Second,woman,True,D,Queenstown,False
1,1,male,42.4,1,4,8.88,S,First,child,True,B,Southampton,True
0,3,female,-2.1,0,3,129.55,Q,Third,woman,True,nan,Queenstown,False
0,3,female,50.7,1,1,63.36,Q,Second,child,True,nan,Cherbourg,False
1,3,male,45.2,2,3,6.35,C,First,man,False,E,Southampton,True
1,3,male,54.8,4,0,61.51,C,Second,man,True,G,Queenstown,False
1,1,male,33.6,2,1,92.48,C,Second,man,True,A,Southampton,False
0,1,female,24.9,2,3,56.7,Q,Second,man,True,E,Cherbourg,False
0,2,male,23.7,4,0,104.96,S,Second,child,True,A,Queenstown,True
0,2,female,22.4,4,2,11.71,Q,Second,man,True,D,Southampton,False
0,3,female,43.7,3,2,29.65,C,Second,child,True,E,Southampton,False
0,3,female,40.0,3,4,60.42,C,Second,child,True,nan,Queenstown,True
0,3,male,31.7,2,1,61.06,S,Third,woman,False,G,Southampton,False
1,2,female,19.9,2,2,83.58,C,Third,man,False,D,Southampton,False
0,2,male,66.8,0,1,25.06,C,Second,man,False,D,Cherbourg,False
0,2,female,42.8,0,2,9.65,C,Second,woman,False,B,Cherbourg,True
0,2,male,7.6,3,4,5.68,S,Third,child,True,E,Cherbourg,False
1,2,female,22.8,3,3,9.56,Q,Third,man,False,A,Cherbourg,True
0,2,male,43.0,0,4,73.83,C,Third,child,False,A,Cherbourg,False
0,2,female,18.8,0,0,9.3,S,Second,woman,False,E,Cherbourg,False
1,3,male,34.9,1,2,10.68,C,First,child,True,F,Queenstown,False
0,3,male,43.3,1,0,14.75,S,First,man,False,B,Cherbourg,False
0,3,male,-17.4,0,0,100.76,C,First,child,False,B,Southampton,True
0,3,male,28.5,1,1,67.39,S,First,child,True,B,Queenstown,False
0,2,female,29.0,4,2,49.69,C,Second,man,False,A,Southampton,True
0,1,female,24.2,3,0,10.71,Q,First,man,True,D,Cherbourg,False
1,2,male,34.2,3,3,71.14,C,Third,child,False,G,Cherbourg,True
1,1,female,39.2,0,0,101.26,S,Third,child,True,F,Southampton,False
1,3,male,32.0,2,3,83.63,C,First,woman,False,nan,Southampton,False
0,2,male,24.8,0,1,35.77,Q,Third,man,False,B,Southampton,True
0,3,female,38.9,1,0,27.26,C,Second,child,False,A,Queenstown,True
0,2,male,30.7,2,4,84.81,S,First,man,True,A,Cherbourg,True
1,3,male,26.8,1,1,38.12,S,First,woman,False,nan,Southampton,True
0,1,female,11.6,4,3,52.75,Q,Second,child,True,D,Cherbourg,False
0,1,male,8.1,1,1,42.9,S,Third,child,True,nan,Southampton,True
1,1,male,11.4,4,0,4.22,C,Second,child,True,E,Cherbourg,True
0,2,male,33.9,4,2,64.57,C,Second,man,True,E,Queenstown,True
1,1,male,28.9,1,2,59.06,C,Third,woman,False,G,Cherbourg,False
1,2,female,9.3,1,3,32.97,S,Second,man,False,nan,Southampton,False
1,1,female,39.0,4,3,68.84,C,Third,child,False,G,Cherbourg,False
0,1,female,49.2,2,2,4.96,C,Third,woman,True,B,Queenstown,False
0,2,male,21.6,4,3,39.24,C,Second,child,False,G,Queenstown,True
0,2,male,5.6,3,1,51.05,Q,Third,child,True,B,Cherbourg,False
0,1,female,20.1,4,4,19.4,S,Second,man,True,F,Southampton,True
0,2,male,42.0,2,4,47.72,S,Third,child,True,G,Queenstown,False
0,1,male,37.7,3,1,79.35,S,First,woman,False,D,Queenstown,True
0,2,male,17.1,0,4,37.87,Q,Third,child,False,B,Cherbourg,True
1,3,male,51.3,0,0,48.64,S,Third,child,True,D,Queenstown,True
0,3,female,48.9,2,1,72.49,Q,Second,man,False,A,Queenstown,True
1,3,female,19.7,4,3,34.49,Q,Third,woman,False,B,Southampton,True
0,3,female,19.6,1,1,38.09,S,First,man,True,A,Southampton,False
0,3,male,21.7,2,2,2.93,C,First,child,True,C,Southampton,True
0,1,female,22.9,3,3,49.4,C,Third,man,False,D,Cherbourg,True
1,3,female,43.3,3,2,36.61,S,Third,man,True,C,Queenstown,True
1,3,male,36.0,0,3,69.96,S,First,man,True,B,Cherbourg,True
1,3,male,42.3,3,4,72.54,Q,Second,man,False,A,Queenstown,False
1,3,female,39.4,2,1,81.65,S,First,child,False,B,Queenstown,False
0,2,female,54.0,3,0,29.67,Q,First,child,True,C,Queenstown,True
1,1,female,15.2,2,3,37.06,S,Third,woman,False,nan,Southampton,True
0,3,female,35.3,1,3,79.67,C,Third,man,True,nan,Cherbourg,True
0,3,male,-0.4,0,2,67.24,C,First,man,True,B,Cherbourg,True
1,3,female,11.6,3,4,24.59,S,Second,woman,False,F,Queenstown,False
1,1,female,29.0,2,2,72.2,Q,First,man,True,E,Cherbourg,False
1,2,male,35.9,4,2,7.94,C,First,woman,True,C,Southampton,True
1,1,female,28.6,0,4,91.21,Q,Second,child,True,B,Cherbourg,True
1,2,male,22.1,1,0,36.66,S,First,woman,False,A,Queenstown,True
1,3,male,24.5,2,2,16.84,S,First,man,False,B,Southampton,True
1,3,male,49.2,1,2,25.13,C,Third,woman,False,nan,Southampton,True
1,1,female,24.6,1,3,40.74,S,Second,child,True,A,Queenstown,False
0,1,female,54.5,3,4,49.52,C,Third,man,True,E,Cherbourg,False
1,2,male,41.1,3,1,51.93,Q,Third,child,False,B,Queenstown,True
1,2,female,36.4,2,0,32.82,C,Second,child,False,G,Cherbourg,False
0,1,female,13.3,4,0,58.01,C,Second,woman,False,nan,Cherbourg,False
1,2,male,43.1,2,4,50.33,Q,First,child,True,G,Southampton,False
0,1,male,23.1,4,3,24.1,C,Third,man,False,E,Queenstown,True
0,2,female,13.3,1,3,18.07,C,Second,child,True,C,Southampton,False
1,1,male,37.2,0,4,74.33,S,Third,child,False,A,Queenstown,False
0,1,female,10.6,2,3,70.97,Q,Third,woman,True,G,Queenstown,True
0,1,female,19.3,2,0,52.29,C,Second,child,True,F,Southampton,False
0,2,female,29.9,4,0,86.97,Q,First,woman,False,C,Queenstown,True
0,2,female,61.1,1,1,28.45,Q,Third,woman,True,A,Queenstown,False
1,2,male,20.4,1,4,27.42,C,Second,man,False,nan,Cherbourg,True
0,1,male,23.6,4,2,3.75,S,First,man,True,nan,Queenstown,True
1,2,male,40.3,1,2,140.25,Q,Third,man,True,nan,Queenstown,False
0,2,male,12.7,3,1,78.53,C,Second,man,False,E,Southampton,False
0,1,female,36.2,0,1,46.84,Q,Third,woman,True,G,Southampton,True
0,3,female,46.9,2,3,81.4,S,Second,child,False,nan,Queenstown,True
0,1,male,25.7,0,1,94.65,S,Second,man,False,D,Cherbourg,False
1,2,female,44.4,2,1,94.23,S,Third,man,False,nan,Cherbourg,False
1,1,female,34.1,3,2,86.87,C,Third,man,True,B,Southampton,False
0,3,female,19.8,1,3,39.5,C,Second,child,True,E,Queenstown,False
0,1,male,27.2,4,1,29.95,S,First,man,True,A,Queenstown,True
1,2,male,24.7,3,1,11.51,C,Third,child,False,A,Cherbourg,True
0,3,male,28.8,0,3,70.1,S,Second,woman,False,A,Cherbourg,True
0,2,female,32.1,4,4,43.64,C,Second,woman,True,A,Cherbourg,False
0,3,male,38.2,1,3,33.26,S,First,woman,True,B,Southampton,False
1,3,male,37.1,3,2,31.17,Q,First,child,False,C,Queenstown,True
1,1,male,-4.0,4,4,108.01,S,First,man,True,F,Southampton,True
1,1,male,28.6,3,0,88.11,S,Third,man,False,D,Queenstown,True
0,2,male,8.9,3,3,123.22,C,Second,man,True,B,Southampton,True
0,1,male,26.1,1,2,71.16,C,Second,man,False,A,Queenstown,True
1,1,female,28.3,2,4,52.28,C,Second,man,True,B,Cherbourg,True
1,3,female,43.7,4,3,48.98,C,First,child,True,E,Cherbourg,False
1,1,male,29.6,1,1,9.19,C,Second,woman,False,F,Cherbourg,True
1,3,male,33.6,3,3,0.46,C,Third,man,False,A,Southampton,True
0,3,female,41.1,1,0,70.29,Q,First,woman,False,D,Cherbourg,True
1,3,female,47.2,2,3,12.61,S,First,child,True,A,Queenstown,True
0,2,male,28.3,4,4,58.46,S,First,child,False,F,Southampton,True
1,2,male,31.3,2,4,94.62,S,First,man,False,D,Queenstown,True
0,2,male,30.1,0,3,23.38,Q,Third,child,True,F,Southampton,True
1,3,male,22.4,4,4,130.42,S,Second,woman,False,D,Queenstown,False
1,2,female,19.2,2,1,10.37,Q,Third,man,False,C,Queenstown,True
1,2,male,-1.8,3,3,89.61,Q,Second,man,False,G,Southampton,False
1,1,male,14.9,4,1,66.99,Q,Third,woman,True,C,Southampton,False
0,2,male,5.1,4,1,97.76,S,First,man,True,B,Cherbourg,False
1,2,male,47.6,1,2,5.35,Q,First,man,True,B,Cherbourg,True
0,3,female,32.6,3,3,142.28,S,Third,woman,False,nan,Queenstown,True
0,3,female,28.2,0,4,42.85,S,Third,man,True,D,Queenstown,True
0,3,female,20.0,2,1,77.07,C,Second,man,False,nan,Queenstown,True
0,3,male,30.4,1,2,107.78,C,Third,woman,False,nan,Southampton,True
1,3,male,18.1,2,3,25.81,Q,Third,child,False,A,Southampton,True
0,3,female,32.4,0,3,83.03,Q,Second,woman,True,G,Cherbourg,True
0,2,male,33.4,0,0,19.14,S,Second,man,True,E,Queenstown,True
0,3,male,17.9,4,0,105.88,Q,Second,woman,False,E,Cherbourg,True
1,3,female,17.7,0,1,19.59,Q,Third,man,False,A,Southampton,True
1,1,female,43.5,2,0,51.54,S,Second,man,True,A,Southampton,False
1,2,female,29.3,3,1,62.24,Q,First,woman,True,C,Southampton,True
1,2,female,19.1,3,4,81.37,Q,First,man,True,E,Cherbourg,True
0,2,male,24.8,4,1,128.74,S,First,child,False,D,Southampton,True
0,3,male,15.9,2,0,31.92,S,Third,man,True,F,Queenstown,False
1,3,female,29.1,2,4,95.55,C,First,woman,True,nan,Cherbourg,True
0,3,male,41.6,0,0,128.81,S,Third,child,True,B,Southampton,True
0,1,female,29.6,2,1,56.63,C,Third,child,False,nan,Cherbourg,False
0,3,female,63.1,1,2,27.99,Q,First,man,True,nan,Cherbourg,True
1,1,male,35.9,0,3,19.2,S,Second,woman,False,F,Southampton,False
1,2,female,33.2,1,0,125.33,S,Third,man,False,C,Southampton,False
0,3,male,17.3,4,1,40.22,S,First,man,False,E,Cherbourg,False
1,1,male,26.7,3,4,9.95,Q,Third,woman,True,nan,Cherbourg,False
1,1,male,19.1,4,0,4.33,C,Second,woman,True,G,Southampton,True
1,3,male,-0.3,3,0,9.87,Q,Second,man,True,A,Queenstown,False
1,2,female,43.6,4,3,86.79,Q,First,child,False,G,Cherbourg,False
1,2,male,22.8,2,1,92.31,S,Third,man,True,G,Cherbourg,True
0,2,female,19.4,1,2,76.08,C,Third,child,False,E,Queenstown,True
1,1,female,32.9,3,4,55.29,Q,Third,man,True,D,Southampton,True
0,1,female,37.2,0,1,0.18,S,Third,woman,True,C,Southampton,False
0,1,female,25.5,1,4,20.8,Q,First,child,True,nan,Queenstown,True
1,1,male,30.0,0,0,5.74,Q,Second,woman,True,nan,Southampton,False
0,2,male,40.4,1,3,72.91,S,First,woman,False,nan,Southampton,False
0,3,female,25.0,1,3,7.47,S,Third,woman,False,A,Cherbourg,True
0,1,female,34.2,4,2,21.43,C,Third,woman,False,F,Cherbourg,True
1,1,male,6.8,3,3,42.66,Q,Second,woman,False,D,Cherbourg,True
1,2,female,12.6,3,0,16.79,S,Third,man,True,F,Queenstown,True
0,3,male,38.5,1,2,51.87,S,First,child,False,B,Southampton,True
1,3,female,11.9,2,1,45.71,C,First,man,False,C,Southampton,True
1,2,male,33.3,2,3,97.37,C,Second,man,False,D,Cherbourg,False
1,2,female,27.9,0,2,17.21,S,First,man,True,D,Cherbourg,False
1,3,female,24.9,0,0,1.97,C,First,woman,False,nan,Queenstown,True
0,1,male,18.4,4,4,35.04,S,First,man,False,F,Southampton,False
0,3,female,42.7,1,4,6.08,Q,First,child,True,A,Queenstown,False
1,2,female,54.2,0,0,51.57,C,Third,man,True,B,Southampton,False
1,1,male,34.2,0,0,24.4,Q,First,woman,False,nan,Queenstown,False
0,1,female,34.5,1,4,25.79,Q,Second,child,False,nan,Cherbourg,False
0,2,male,20.4,4,2,12.87,Q,Second,child,True,nan,Queenstown,False
1,2,male,13.3,0,4,72.71,S,First,child,False,F,Queenstown,True
0,2,female,29.4,4,0,17.58,Q,Second,child,True,D,Cherbourg,True
1,3,female,16.4,3,3,19.44,Q,First,man,False,C,Southampton,True
1,3,female,5.2,4,1,41.93,Q,Second,woman,False,D,Southampton,False
0,1,female,41.2,2,3,62.8,S,Second,child,False,E,Cherbourg,True
0,2,female,41.9,2,3,39.15,Q,First,child,False,C,Queenstown,True
1,1,female,18.0,4,0,25.55,Q,First,woman,False,nan,Queenstown,True
1,1,female,33.4,2,4,23.14,C,Third,man,True,C,Queenstown,False
0,1,male,44.0,3,2,54.52,S,First,child,True,D,Southampton,True
1,1,female,32.9,1,3,14.42,Q,First,man,False,A,Queenstown,False
0,2,male,13.3,2,4,36.86,C,Third,man,False,nan,Southampton,True
1,1,female,26.7,2,2,80.02,S,First,man,False,C,Queenstown,True
0,2,female,48.6,4,3,2.05,S,First,man,True,E,Cherbourg,True
0,2,male,33.5,3,2,48.25,S,Third,child,True,F,Cherbourg,False
0,3,female,37.5,1,4,21.56,S,First,child,True,A,Southampton,False
1,2,female,34.8,4,1,59.12,S,First,man,True,A,Southampton,False
1,3,male,18.0,4,4,10.85,S,Third,man,True,A,Cherbourg,False
0,2,female,21.3,3,0,90.78,Q,Third,woman,True,C,Cherbourg,False
1,2,female,34.7,1,2,9.08,Q,Second,woman,True,A,Queenstown,True
0,2,female,41.4,3,1,67.68,Q,First,woman,True,D,Cherbourg,True
0,3,male,45.4,1,2,98.85,Q,Second,child,False,A,Southampton,False
1,3,female,18.0,3,2,8.77,C,Second,woman,True,E,Cherbourg,False
1,1,female,36.1,4,3,15.52,Q,Third,child,True,nan,Southampton,True
0,3,female,46.6,4,0,12.23,S,First,child,True,nan,Southampton,False
1,3,female,16.2,0,2,30.57,Q,First,child,True,B,Queenstown,True
1,3,male,50.8,2,4,70.7,Q,Third,child,False,E,Queenstown,False
0,3,male,52.9,3,4,27.3,S,Second,woman,True,C,Queenstown,True
0,1,female,66.8,0,3,5.16,Q,Third,man,False,A,Queenstown,False
1,3,female,33.2,2,0,30.75,Q,First,man,False,A,Cherbourg,False
0,2,male,33.3,3,0,114.08,Q,Third,man,False,D,Queenstown,True
0,2,male,41.6,1,4,117.22,C,First,woman,True,F,Cherbourg,True
1,3,female,41.2,2,1,72.41,Q,Second,man,True,A,Queenstown,False
0,3,male,45.8,4,3,17.58,S,First,woman,True,G,Queenstown,False
0,2,female,41.0,0,3,79.91,S,Second,woman,False,E,Southampton,True
1,2,male,28.5,2,4,87.95,Q,Second,woman,False,C,Cherbourg,False
1,1,male,47.1,2,4,39.83,Q,First,man,False,nan,Southampton,True
0,2,male,15.0,4,1,51.65,Q,First,man,False,B,Queenstown,True
0,2,male,30.1,3,1,99.27,S,Second,man,True,A,Cherbourg,False
1,3,female,51.9,1,0,15.62,S,Third,child,True,B,Queenstown,True
1,2,male,12.5,4,3,89.94,C,First,woman,True,A,Southampton,True
1,1,male,20.5,1,3,37.63,C,Second,child,False,C,Cherbourg,False
1,2,female,39.4,3,4,5.5,C,Second,woman,False,F,Southampton,True
0,3,male,35.5,2,0,8.79,S,Third,man,True,E,Queenstown,True
1,3,male,17.7,1,3,15.41,C,First,woman,True,nan,Queenstown,True
1,2,female,24.2,0,0,1.6,Q,Second,woman,False,C,Queenstown,True
0,3,male,13.5,0,0,120.86,Q,Third,child,True,B,Cherbourg,False
1,1,female,43.7,4,4,69.65,S,Second,woman,True,A,Southampton,True
0,1,female,26.4,3,0,92.58,C,First,man,False,B,Southampton,False
1,2,female,55.1,4,1,72.49,Q,Third,woman,False,E,Queenstown,True
1,2,female,31.1,4,1,52.45,S,Second,woman,False,G,Southampton,False
1,2,male,26.9,4,2,52.99,C,Third,woman,True,nan,Cherbourg,True
0,3,female,25.6,0,4,34.1,Q,First,child,False,C,Queenstown,False
0,1,male,26.6,0,2,37.37,C,Third,woman,True,B,Queenstown,True
1,1,male,31.6,4,1,6.32,S,First,woman,True,B,Queenstown,True
0,3,male,65.2,0,2,93.27,C,Second,child,False,E,Cherbourg,True
0,1,male,25.3,3,4,22.53,S,First,child,True,G,Queenstown,True
0,2,male,25.7,4,4,7.66,C,Second,child,False,A,Queenstown,False
0,2,male,30.9,0,0,130.48,Q,Second,child,False,G,Queenstown,False
0,2,male,45.3,1,3,55.45,S,First,man,True,B,Queenstown,True
0,1,male,10.1,4,0,57.11,S,Second,man,True,E,Southampton,False
1,2,male,36.4,4,4,75.49,S,Third,woman,False,A,Queenstown,True
1,3,male,18.6,3,1,11.61,C,Second,man,False,G,Cherbourg,True
0,3,female,37.7,2,1,5.75,C,First,woman,False,nan,Queenstown,False
1,1,female,23.1,2,0,32.2,Q,Third,man,False,G,Queenstown,False
1,3,female,-2.3,3,4,13.87,S,Third,child,False,nan,Southampton,False
1,3,male,35.2,3,1,47.0,S,Second,child,False,G,Queenstown,True
1,1,female,35.1,3,4,69.42,C,Second,man,True,F,Southampton,True
0,2,female,21.9,2,1,105.57,C,First,man,True,A,Cherbourg,False
1,2,female,21.1,3,4,82.44,Q,Third,woman,True,G,Southampton,True
1,2,male,11.6,0,2,10.23,Q,First,woman,True,F,Queenstown,False
0,1,male,40.8,4,4,35.0,C,Second,woman,False,C,Cherbourg,False
0,3,male,42.4,4,4,24.12,S,Third,child,True,E,Queenstown,False
1,2,male,17.7,1,0,9.34,Q,First,child,True,G,Southampton,False
1,2,female,22.4,1,2,0.23,C,First,child,False,nan,Cherbourg,False
1,1,female,29.1,4,3,116.57,C,First,child,True,A,Cherbourg,False
1,2,female,61.8,0,0,50.43,S,First,woman,False,nan,Southampton,True
1,1,female,37.6,2,3,41.03,C,First,child,False,F,Southampton,True
1,3,male,16.8,2,1,69.37,C,Third,child,False,F,Cherbourg,False
0,1,male,34.3,0,3,71.35,Q,First,child,False,C,Cherbourg,False
1,1,male,10.7,2,4,94.75,C,Third,child,False,nan,Southampton,False
1,1,female,40.1,3,3,20.25,C,First,man,True,D,Queenstown,True
0,1,male,53.5,4,0,66.11,Q,Second,woman,True,E,Cherbourg,False
0,3,male,53.5,4,0,13.55,S,Second,woman,True,nan,Southampton,False
0,3,female,40.3,0,3,42.39,S,First,child,False,D,Queenstown,False
0,2,female,21.8,2,0,52.27,Q,Second,man,True,A,Cherbourg,True
1,3,male,11.8,1,0,56.18,Q,Third,woman,True,E,Cherbourg,False
1,3,male,10.4,1,3,54.41,S,First,woman,True,nan,Southampton,True
1,2,male,-9.3,2,2,82.07,S,Third,child,True,C,Queenstown,True
1,3,male,39.7,1,2,26.12,S,First,child,False,A,Cherbourg,False
1,1,male,28.6,0,1,57.27,S,Second,woman,True,E,Queenstown,True
1,1,male,42.7,0,0,19.64,S,Third,woman,False,nan,Queenstown,True
0,2,female,50.0,2,3,166.83,Q,Second,man,False,nan,Cherbourg,True
1,2,female,31.4,1,0,13.49,C,Second,woman,True,E,Queenstown,False
0,2,female,32.0,0,4,21.97,S,First,woman,False,D,Cherbourg,True
0,1,male,23.5,0,0,85.31,S,Third,child,False,A,Queenstown,False
1,3,female,25.2,3,0,32.82,C,Second,woman,False,C,Cherbourg,False
0,1,male,40.2,3,2,85.32,C,First,child,False,C,Southampton,False
1,2,male,27.6,0,3,56.12,C,First,woman,False,A,Cherbourg,True
0,3,female,25.5,2,0,33.87,C,First,woman,False,A,Cherbourg,False
1,3,male,29.7,4,2,19.89,C,Second,woman,False,F,Cherbourg,True
0,1,male,42.4,4,1,18.45,C,First,man,True,B,Queenstown,True
1,2,female,20.3,0,2,34.31,Q,Third,child,True,nan,Southampton,True
1,1,female,29.1,0,2,43.02,C,Third,man,False,D,Queenstown,True
1,3,female,33.4,0,2,16.72,C,Second,woman,False,A,Queenstown,False
1,1,male,46.2,2,0,45.63,Q,Third,man,True,A,Cherbourg,False
1,1,female,26.6,3,0,6.24,C,First,child,True,B,Queenstown,True
0,2,female,20.0,0,1,80.24,S,Second,woman,True,B,Cherbourg,False
0,2,male,23.2,0,4,87.89,S,First,man,True,E,Southampton,False
0,3,female,44.7,1,4,21.83,C,Second,man,False,G,Queenstown,False
1,1,female,58.5,2,4,19.59,Q,Second,child,False,C,Queenstown,True
0,1,female,11.6,0,1,57.12,S,First,man,True,D,Queenstown,False
1,1,male,14.7,1,4,100.61,Q,Third,child,True,E,Cherbourg,True
1,3,male,27.6,4,4,109.47,S,Third,woman,True,A,Cherbourg,False
0,3,male,31.6,0,2,6.11,C,Second,woman,True,nan,Queenstown,True
0,2,male,41.0,0,0,90.25,Q,First,man,False,B,Queenstown,True
1,2,female,17.5,1,0,47.54,Q,First,woman,True,F,Southampton,True
0,2,male,15.1,2,2,48.31,Q,Second,woman,True,C,Southampton,False
1,1,male,31.9,0,2,70.19,S,Third,man,True,E,Southampton,True
1,1,female,26.4,4,2,30.76,S,First,woman,False,F,Southampton,False
1,2,female,43.0,0,0,93.87,S,Third,man,False,C,Southampton,True
1,1,female,36.8,4,4,106.96,C,Third,child,False,G,Cherbourg,False
1,2,male,37.8,3,2,108.45,S,Second,child,True,G,Southampton,True
0,3,male,28.5,3,1,23.76,C,Second,child,True,F,Southampton,False
0,2,male,63.0,4,2,40.81,Q,Third,man,True,B,Queenstown,True
1,3,female,18.3,2,3,27.41,Q,First,man,False,E,Cherbourg,True
1,1,female,38.6,0,2,19.39,C,First,woman,False,E,Southampton,True
0,2,male,12.2,0,0,45.9,S,Second,woman,True,G,Southampton,False
0,1,female,15.0,3,2,68.01,C,Third,woman,True,C,Southampton,True
1,3,female,21.5,4,3,58.77,Q,First,woman,False,F,Queenstown,True
0,3,female,52.8,0,1,32.7,Q,First,woman,True,B,Queenstown,True
1,3,male,33.7,0,4,18.35,C,Second,man,True,A,Queenstown,True
0,1,female,21.7,2,2,62.56,S,Third,man,True,E,Southampton,False
1,1,female,35.2,1,3,9.54,S,First,child,False,nan,Queenstown,True
0,1,male,30.5,3,3,6.82,C,Second,child,True,A,Southampton,True
1,1,male,23.1,3,1,1.9,C,First,child,True,B,Cherbourg,False
0,3,female,10.4,1,0,41.85,S,First,child,True,G,Southampton,False
0,3,female,50.1,0,2,26.71,Q,First,man,True,nan,Queenstown,False
1,2,male,32.9,2,3,34.63,C,Second,man,False,E,Cherbourg,True
0,2,male,60.4,2,1,70.87,S,Third,man,False,E,Southampton,False
1,1,female,43.2,3,4,88.53,S,Second,woman,False,F,Cherbourg,False
0,3,female,37.7,2,3,108.02,Q,Third,woman,True,nan,Cherbourg,False
1,3,female,23.9,1,1,52.41,Q,First,child,False,A,Cherbourg,True
0,3,female,14.7,0,0,63.9,Q,Third,woman,True,G,Southampton,True
1,2,male,27.0,1,0,57.55,Q,First,man,False,F,Queenstown,True
0,2,female,14.3,4,3,16.97,Q,First,child,True,D,Southampton,False
1,3,female,39.1,3,3,35.21,C,Second,child,False,A,Queenstown,True
0,3,male,52.9,2,2,35.4,S,First,woman,False,A,Southampton,False
1,3,female,26.3,4,1,29.57,C,Second,child,False,D,Southampton,False
1,2,male,43.2,2,3,48.36,C,Third,woman,True,B,Southampton,False
1,3,female,20.4,0,2,41.22,C,Third,woman,True,nan,Queenstown,True
0,3,female,25.8,0,2,10.55,C,First,child,True,nan,Southampton,False
1,1,male,18.6,0,3,43.96,C,Second,woman,False,B,Cherbourg,False
0,1,male,0.1,2,0,24.44,Q,First,woman,True,E,Southampton,True
1,2,female,29.5,4,1,54.77,Q,Second,woman,True,C,Cherbourg,False
0,3,female,31.8,0,1,5.88,S,Second,woman,True,F,Queenstown,False
1,3,female,44.9,4,0,53.56,C,Second,child,True,C,Queenstown,False
0,1,male,41.1,2,3,93.68,S,Third,man,True,E,Southampton,True
0,2,female,41.3,4,1,47.09,Q,Second,man,True,nan,Southampton,False
1,1,male,16.4,2,3,15.18,Q,Third,woman,False,C,Southampton,True
0,1,male,36.4,2,3,67.26,Q,Second,woman,False,A,Cherbourg,True
0,1,female,52.2,3,2,85.13,C,Third,woman,True,A,Queenstown,False
1,1,male,35.3,2,0,33.2,C,Third,man,False,D,Cherbourg,False
0,3,female,55.6,2,3,22.69,Q,Third,woman,False,D,Cherbourg,False
0,3,female,58.3,1,4,98.79,S,First,child,True,E,Southampton,False
0,1,female,26.2,0,0,81.84,S,Second,child,True,E,Southampton,True
1,2,female,20.2,3,1,84.34,Q,First,child,False,G,Cherbourg,True
0,2,female,19.3,3,2,31.28,S,Second,man,True,E,Cherbourg,False
1,2,male,8.8,3,1,94.55,Q,Second,woman,False,A,Southampton,True
0,2,male,22.7,1,1,27.8,S,First,woman,False,C,Southampton,False
0,1,female,46.9,2,0,95.25,Q,Third,woman,False,F,Cherbourg,False
0,3,female,-0.9,0,1,47.34,S,Second,man,True,G,Southampton,False
1,2,male,15.5,4,3,55.16,C,Third,man,False,G,Southampton,False
0,1,male,28.2,2,1,12.19,Q,First,man,True,nan,Cherbourg,True
0,2,male,17.7,1,2,22.56,Q,Third,man,True,G,Cherbourg,True
1,2,male,22.6,2,2,54.31,S,Second,child,True,E,Queenstown,False
0,1,female,22.8,2,4,72.06,Q,Second,man,True,E,Cherbourg,False
1,3,female,26.4,1,2,78.11,Q,Second,man,True,A,Southampton,True
1,3,male,19.8,3,1,73.79,Q,First,man,False,F,Cherbourg,True
0,1,female,18.6,3,2,64.73,C,Second,woman,True,A,Cherbourg,True
1,3,male,43.1,0,0,13.05,C,First,woman,True,F,Cherbourg,False
0,1,female,44.7,0,2,80.7,S,Third,woman,True,A,Queenstown,True
1,1,male,10.7,3,3,8.58,C,Second,child,True,C,Queenstown,False
1,1,female,-8.6,4,0,94.28,S,Second,child,True,nan,Southampton,False
0,3,male,44.9,2,4,46.64,C,Second,man,False,E,Queenstown,True
1,1,male,12.8,4,3,47.97,S,Third,woman,True,B,Cherbourg,False
1,2,female,33.0,2,1,84.64,C,Second,child,True,B,Queenstown,True
1,3,male,8.1,3,1,90.06,C,First,woman,False,nan,Cherbourg,False
1,3,female,48.2,0,1,80.83,S,Third,child,True,E,Queenstown,False
1,3,female,65.6,0,3,17.18,Q,Third,child,False,G,Queenstown,False
0,3,male,32.6,4,3,80.51,Q,Third,man,False,E,Queenstown,False
1,2,female,28.7,0,3,17.41,C,Third,man,False,E,Cherbourg,False
0,3,female,25.5,3,0,81.52,S,Third,child,False,nan,Queenstown,False
1,3,female,40.9,4,0,7.01,Q,First,man,True,E,Cherbourg,True
0,1,female,37.9,2,1,46.25,S,Third,child,True,G,Cherbourg,True
0,3,female,44.0,0,2,17.16,Q,Second,child,False,F,Southampton,False
1,2,male,21.2,1,1,84.8,S,Third,woman,False,nan,Queenstown,True
1,2,female,34.8,0,4,94.61,C,Third,man,True,C,Southampton,False
1,2,female,22.4,2,0,57.96,S,Third,man,False,B,Southampton,True
0,2,female,15.2,4,3,56.64,Q,Third,man,False,nan,Cherbourg,True
1,3,female,29.4,2,0,78.17,C,Third,woman,False,D,Queenstown,False
0,3,female,17.1,1,3,94.84,S,First,woman,True,B,Cherbourg,True
0,2,male,46.4,3,4,51.49,Q,First,woman,False,B,Cherbourg,False
0,2,female,17.9,0,4,30.01,C,Third,man,True,G,Queenstown,True
1,3,male,35.1,4,0,75.89,S,First,man,True,A,Cherbourg,False
1,2,male,21.6,3,3,24.35,Q,Second,man,True,E,Queenstown,True
0,1,male,33.9,2,4,86.39,S,Third,woman,False,E,Queenstown,False
0,2,male,22.7,4,1,21.59,S,Second,woman,False,E,Cherbourg,True
1,2,female,12.4,3,1,40.39,C,Second,child,True,A,Cherbourg,False
0,1,male,36.8,4,3,86.64,C,Third,woman,True,G,Southampton,True
1,1,male,26.7,1,0,33.38,Q,Second,child,True,nan,Cherbourg,False
0,3,female,34.0,1,4,75.9,C,Second,man,False,C,Queenstown,True
1,3,female,24.0,0,0,95.56,Q,Second,woman,False,C,Southampton,False
0,1,female,11.4,0,1,54.4,S,Third,man,True,G,Queenstown,True
1,1,male,45.2,1,4,62.46,S,Third,man,True,D,Southampton,False
0,3,female,40.3,4,0,45.22,Q,Second,man,False,C,Cherbourg,False
1,2,female,22.1,1,2,54.62,S,Third,man,True,G,Cherbourg,False
1,1,male,31.0,0,3,5.34,C,Third,woman,False,nan,Cherbourg,False
0,3,female,44.6,1,3,38.25,S,Second,man,False,C,Queenstown,True
0,2,female,23.6,1,2,1.53,C,Third,child,True,E,Southampton,True
1,1,female,25.8,4,1,14.05,Q,First,woman,True,F,Queenstown,True
0,2,female,33.4,3,4,30.12,Q,Third,man,False,G,Southampton,False
1,3,male,23.6,0,3,60.56,S,First,woman,False,B,Cherbourg,False
0,1,female,42.0,4,2,117.66,S,Second,child,False,C,Queenstown,False
1,2,female,27.6,1,2,31.76,C,Third,man,False,C,Cherbourg,False
1,1,male,19.0,1,1,88.61,C,Second,child,False,A,Queenstown,False
1,2,female,38.5,3,1,95.03,S,Second,man,True,D,Cherbourg,True
1,3,male,14.0,0,0,2.03,S,Second,child,False,F,Queenstown,True
1,3,female,58.2,0,3,10.65,Q,Second,man,False,nan,Queenstown,True
1,1,male,52.2,2,0,89.63,Q,Second,woman,False,A,Southampton,False
0,2,male,37.2,0,2,46.31,Q,Third,man,True,E,Cherbourg,False
0,1,male,36.0,3,4,1.63,S,First,woman,True,B,Southampton,False
0,1,male,35.4,2,4,24.53,S,Third,man,False,D,Southampton,False
1,2,female,23.2,2,1,66.79,S,Third,man,False,A,Cherbourg,False
1,2,male,34.2,1,4,18.24,Q,Third,child,True,G,Queenstown,False
1,2,female,17.1,1,4,60.98,S,Third,child,True,C,Southampton,False
1,3,male,37.1,0,4,37.12,C,First,child,True,C,Cherbourg,True
0,1,male,42.1,2,2,40.36,S,Third,man,True,D,Queenstown,True
0,1,male,24.7,1,4,50.37,S,Second,man,False,C,Southampton,False
1,3,female,21.7,3,4,100.36,S,Third,man,True,G,Southampton,False
0,2,male,13.0,1,4,52.14,S,Third,woman,False,A,Southampton,False
0,3,female,50.4,1,0,59.72,S,First,woman,False,A,Queenstown,True
1,3,female,22.8,2,2,92.22,C,First,man,True,C,Southampton,True
0,3,female,27.2,2,1,50.41,C,Second,child,True,C,Queenstown,False
1,1,female,34.2,4,0,135.46,S,Third,child,True,E,Southampton,True
0,3,female,34.0,3,3,0.55,Q,Third,child,True,B,Cherbourg,True
1,1,female,40.5,2,2,12.63,S,Third,man,False,nan,Southampton,True
1,1,female,24.7,0,2,74.56,S,Second,child,False,D,Cherbourg,False
1,1,female,14.1,3,3,100.17,S,First,man,False,A,Cherbourg,True
1,2,female,11.6,3,3,41.97,Q,Second,woman,True,D,Cherbourg,True
0,1,male,21.9,2,3,9.58,Q,Third,child,False,E,Queenstown,False
1,1,male,16.7,3,1,120.44,Q,First,woman,True,A,Cherbourg,False
1,2,male,25.7,2,4,18.31,C,First,child,False,E,Southampton,True
1,1,male,48.3,1,2,63.56,Q,Second,man,True,E,Queenstown,False
0,3,male,24.7,4,4,102.57,C,First,man,False,F,Cherbourg,True
1,3,female,24.7,1,4,32.34,C,First,man,False,C,Queenstown,True
0,1,female,29.8,2,3,25.11,Q,Third,man,True,G,Queenstown,False
1,2,female,24.3,2,1,27.85,Q,Third,child,False,F,Queenstown,False
0,3,female,29.1,1,0,86.06,Q,First,woman,False,nan,Southampton,True
0,2,female,37.6,0,1,92.41,C,First,man,True,D,Cherbourg,False
1,2,female,42.4,0,4,51.35,S,Second,child,True,G,Queenstown,False
0,3,female,44.0,0,1,125.32,Q,Second,woman,True,D,Queenstown,True
1,2,male,58.8,2,3,51.28,Q,First,man,True,C,Queenstown,True
1,3,male,38.0,3,0,101.69,Q,Third,woman,True,G,Cherbourg,True
1,2,male,61.3,2,3,32.72,C,First,man,False,F,Queenstown,True
0,3,male,19.1,3,0,143.35,C,First,woman,True,D,Queenstown,True
0,1,female,59.3,1,4,112.81,S,Third,woman,False,F,Southampton,True
1,3,female,24.7,4,0,44.88,Q,Third,man,False,C,Cherbourg,False
1,3,female,26.1,3,0,107.38,C,Second,child,True,G,Southampton,False
0,3,male,28.3,0,0,105.36,S,Second,woman,False,G,Cherbourg,True
1,3,female,26.9,2,1,112.12,Q,Second,man,False,A,Cherbourg,False
1,2,female,31.2,1,1,49.28,C,Second,woman,True,E,Cherbourg,False
1,1,female,21.9,0,4,78.77,Q,Third,woman,False,E,Southampton,True
0,3,male,41.6,1,0,71.69,Q,First,child,True,F,Southampton,False
0,2,female,22.3,4,2,68.84,C,Second,woman,True,G,Southampton,False
0,1,male,39.2,2,4,58.73,C,Second,woman,True,D,Southampton,True
1,1,male,51.4,2,0,59.91,C,Third,man,False,F,Queenstown,False
1,1,male,25.0,4,0,101.33,Q,Third,man,False,F,Queenstown,False
1,1,male,41.1,2,1,71.58,Q,First,child,False,B,Queenstown,True
0,3,female,37.8,3,4,58.68,S,First,woman,False,nan,Cherbourg,False
1,3,male,61.5,1,0,95.58,Q,Third,woman,True,G,Queenstown,False
1,2,male,22.9,0,0,66.72,C,Second,woman,False,E,Cherbourg,False
1,2,female,41.1,4,4,70.54,Q,Second,child,True,G,Southampton,True
1,2,female,7.2,3,2,124.68,S,Second,woman,False,C,Cherbourg,True
0,1,male,23.1,0,4,32.62,S,First,man,False,F,Cherbourg,False
0,1,female,34.9,0,4,10.63,C,Second,child,False,B,Queenstown,False
1,3,male,49.5,4,2,52.89,C,Second,man,False,B,Southampton,True
0,1,male,12.8,3,4,58.58,S,Third,man,False,E,Southampton,True
0,1,male,41.0,0,0,78.86,S,Second,child,True,E,Queenstown,False
1,1,male,29.1,0,4,54.29,S,Third,man,False,E,Southampton,True
1,2,female,8.7,3,2,80.2,C,Second,woman,False,C,Southampton,False
0,2,male,32.5,2,3,150.18,S,First,child,False,B,Southampton,False
1,3,female,53.9,0,4,82.06,S,Second,man,False,D,Queenstown,True
0,1,female,14.3,1,1,89.09,C,Second,woman,True,C,Southampton,True
1,1,female,28.5,3,0,44.82,Q,Third,woman,False,A,Cherbourg,False
0,3,female,16.2,0,0,5.41,Q,Third,man,True,nan,Cherbourg,False
1,1,male,23.4,4,1,41.92,S,Third,woman,False,nan,Southampton,True
0,1,female,50.1,1,1,29.25,Q,Second,child,True,F,Queenstown,False
0,2,male,26.2,0,4,53.21,Q,Second,man,True,nan,Queenstown,True
0,3,female,49.6,1,1,70.54,Q,First,woman,True,E,Queenstown,True
1,3,female,45.5,1,3,34.69,Q,Second,woman,True,B,Southampton,True
0,3,male,24.9,2,2,2.53,S,First,man,True,nan,Southampton,True
0,3,male,23.0,1,1,55.23,Q,Third,man,False,F,Cherbourg,True
1,2,male,17.5,2,1,20.45,Q,Third,man,True,nan,Queenstown,False
1,2,female,17.0,3,3,68.03,C,Third,man,False,G,Cherbourg,True
0,1,female,34.9,2,0,78.31,S,First,child,True,C,Cherbourg,True
0,1,male,29.7,4,0,21.93,C,Second,man,True,A,Queenstown,True
1,1,male,21.3,0,4,40.51,C,Third,child,False,G,Southampton,True
1,1,male,8.3,3,3,58.6,S,Second,child,True,C,Southampton,True
1,2,male,31.5,3,2,6.28,Q,Second,man,True,C,Cherbourg,True
1,3,female,23.4,4,2,58.59,C,Third,child,True,D,Cherbourg,True
1,2,male,27.3,2,3,7.24,S,First,man,True,nan,Cherbourg,False
0,1,male,34.3,0,2,72.63,Q,Second,man,False,F,Cherbourg,False
1,2,male,-5.0,2,0,32.59,S,Third,woman,True,D,Queenstown,False
0,3,male,8.5,1,2,7.46,C,Second,man,True,C,Cherbourg,False
0,3,female,62.2,2,2,26.8,Q,Second,woman,False,nan,Cherbourg,True
0,2,male,22.9,3,3,28.49,Q,Second,child,False,A,Southampton,False
1,2,female,-5.2,0,3,92.74,S,Second,woman,True,B,Southampton,True
0,2,male,9.7,2,2,56.93,Q,Second,child,True,B,Southampton,False
0,1,male,64.8,0,1,11.75,C,First,man,False,nan,Queenstown,False
1,2,female,20.2,0,3,115.96,C,First,child,True,G,Queenstown,True
0,2,male,46.2,1,4,75.06,C,Third,child,False,F,Southampton,True
0,2,female,31.7,1,4,36.55,S,First,man,True,E,Southampton,False
1,3,female,23.2,3,0,12.15,Q,First,child,False,E,Cherbourg,False
0,3,male,40.9,4,2,33.02,Q,First,man,False,B,Cherbourg,False
0,1,female,-3.4,0,1,41.18,Q,Second,woman,False,C,Queenstown,False
0,1,female,9.8,4,0,64.76,C,Second,man,True,C,Queenstown,True
1,3,female,23.1,3,2,74.29,Q,Third,man,True,D,Cherbourg,False
1,3,female,11.2,0,3,82.26,C,Third,child,True,nan,Southampton,False
1,3,female,21.9,0,4,14.46,Q,Third,woman,True,F,Cherbourg,False
0,2,female,42.0,4,1,58.34,C,Second,man,False,nan,Queenstown,False
0,2,female,31.8,2,4,43.62,Q,First,woman,False,nan,Queenstown,False
1,3,female,48.6,1,3,157.12,S,First,woman,False,D,Cherbourg,True
0,2,male,32.7,2,2,52.59,S,Second,child,True,E,Cherbourg,True
0,2,male,43.9,4,3,25.09,C,Third,man,True,nan,Cherbourg,True
1,1,female,29.1,1,3,54.41,C,Third,child,True,B,Queenstown,True
1,3,male,21.7,2,4,49.66,Q,Third,man,False,G,Southampton,True
0,3,female,50.7,1,1,29.56,Q,Second,woman,True,nan,Cherbourg,False
0,2,female,20.1,0,3,66.33,S,Third,man,True,C,Queenstown,True
0,3,male,34.8,2,4,37.58,Q,Third,man,False,nan,Queenstown,True
1,1,female,40.8,1,1,48.93,C,Second,woman,False,B,Queenstown,False
1,1,female,41.8,1,2,15.06,C,First,woman,True,A,Cherbourg,True
1,1,female,13.7,1,2,6.24,C,Second,man,False,B,Cherbourg,True
1,3,female,44.7,2,0,85.16,C,Second,child,True,A,Southampton,True
0,3,male,16.3,3,4,94.34,C,Second,man,False,D,Queenstown,True
1,3,female,41.3,2,1,66.72,S,Second,woman,False,D,Cherbourg,False
1,3,female,37.5,4,3,22.43,S,First,child,False,E,Queenstown,False
1,3,female,41.5,2,2,69.32,C,Third,woman,True,B,Queenstown,True
1,1,male,13.1,1,1,21.84,Q,Second,woman,True,B,Southampton,False
1,2,female,38.2,0,4,23.55,C,First,child,True,A,Cherbourg,True
0,1,male,45.2,2,0,84.62,S,Third,woman,False,D,Cherbourg,False
0,3,male,32.7,2,2,76.3,C,Third,woman,False,A,Queenstown,False
1,1,female,18.5,1,1,68.28,S,Third,woman,False,D,Queenstown,False
0,3,female,42.9,0,1,102.52,S,Second,woman,False,A,Southampton,False
1,3,male,31.6,0,1,72.4,C,Second,woman,True,D,Southampton,False
1,1,female,6.6,4,4,30.76,C,Third,woman,True,A,Southampton,False
0,3,male,17.5,2,4,35.22,Q,Third,woman,True,G,Southampton,False
0,2,male,22.6,0,4,48.34,S,Third,woman,False,D,Southampton,False
1,3,female,51.1,0,3,43.65,Q,Third,woman,False,F,Southampton,False
1,2,female,48.6,3,1,25.31,C,Third,man,True,A,Queenstown,False
1,2,male,48.6,3,2,8.79,S,Third,man,False,B,Southampton,False
0,3,male,33.3,0,4,146.03,Q,First,woman,True,E,Queenstown,True
1,1,male,42.8,4,4,34.45,Q,Third,man,False,F,Queenstown,False
1,2,male,14.0,0,1,144.06,Q,Second,child,False,F,Cherbourg,True
1,1,female,30.1,1,4,4.35,C,Second,man,True,A,Queenstown,False
0,2,female,36.3,2,3,76.28,C,Second,woman,True,E,Queenstown,True
1,3,female,15.0,4,3,59.19,C,Third,woman,False,B,Southampton,True
1,3,female,32.9,1,4,13.12,S,Second,man,True,F,Queenstown,True
0,2,female,53.6,4,1,31.3,C,First,woman,True,B,Southampton,False
1,3,male,37.8,1,1,49.39,S,Third,child,False,D,Southampton,False
1,2,female,42.8,2,1,16.24,Q,Second,child,False,nan,Southampton,False
0,3,female,-4.3,2,0,39.75,Q,First,woman,False,G,Cherbourg,False
1,1,female,51.8,3,4,44.6,C,First,child,True,nan,Southampton,True
0,3,female,27.4,1,1,78.46,Q,Second,child,False,nan,Queenstown,False
0,1,female,19.2,3,3,99.09,C,First,man,False,E,Southampton,False
1,3,male,27.6,1,2,68.17,S,Second,child,False,G,Southampton,False
1,1,male,9.2,3,2,140.57,Q,First,man,False,C,Southampton,False
1,3,male,44.7,2,1,77.28,C,Third,woman,False,D,Cherbourg,False
1,1,female,25.3,4,2,95.71,Q,Third,man,True,E,Queenstown,False
0,2,male,19.7,3,2,99.53,Q,Third,woman,False,A,Cherbourg,False
1,2,male,27.6,1,0,60.04,C,Third,woman,False,G,Queenstown,False
0,1,female,45.7,1,3,66.95,Q,Third,woman,True,A,Cherbourg,True
1,3,female,31.8,2,3,5.32,Q,Second,woman,False,B,Queenstown,True
1,1,female,10.3,1,0,2.76,Q,Third,woman,False,nan,Cherbourg,False
1,3,male,36.5,0,0,9.72,Q,Third,man,True,F,Southampton,False
0,2,male,17.0,4,2,37.49,S,Third,woman,False,G,Cherbourg,False
1,3,female,-0.2,3,4,76.02,Q,Third,child,True,C,Cherbourg,False
1,2,female,50.9,4,2,67.36,Q,First,child,False,A,Southampton,True
1,3,male,36.4,2,0,49.5,C,Third,woman,True,E,Southampton,True
1,3,male,28.9,3,3,78.91,S,Third,child,True,G,Queenstown,False
0,3,female,25.2,3,2,81.34,C,Second,man,False,G,Queenstown,True
1,1,female,49.6,0,4,67.7,C,First,man,True,F,Queenstown,True
0,1,male,73.2,2,2,18.98,C,Second,woman,True,F,Cherbourg,False
0,2,female,36.3,1,1,20.43,S,Third,woman,False,E,Queenstown,False
0,2,male,15.6,0,2,51.05,C,Second,woman,False,F,Cherbourg,False
0,1,male,27.8,0,0,79.34,C,Second,child,True,A,Cherbourg,True
0,2,male,36.0,4,3,3.14,C,Third,child,False,E,Queenstown,True
0,1,male,-2.9,4,3,49.55,Q,First,man,True,nan,Queenstown,False
1,3,female,34.7,4,0,12.62,C,First,child,True,E,Cherbourg,False
0,2,female,36.1,0,1,91.04,S,Second,man,False,B,Southampton,True
0,2,male,48.6,1,0,59.69,S,Third,child,False,C,Southampton,True
0,1,male,47.1,3,2,3.85,Q,Second,man,True,G,Cherbourg,False
1,2,male,31.6,4,0,4.11,S,Second,woman,False,B,Queenstown,True
1,2,male,51.2,1,0,65.5,S,Second,child,False,C,Cherbourg,False
0,3,male,58.5,2,1,104.99,Q,Third,man,True,E,Cherbourg,False
1,2,female,30.4,4,2,6.13,C,Third,child,True,G,Queenstown,True
0,3,female,35.9,3,4,81.46,Q,First,woman,True,F,Southampton,True
0,1,female,5.3,2,4,28.31,C,Third,man,True,C,Cherbourg,True
1,2,female,9.7,2,3,82.93,C,Second,child,True,E,Southampton,False
0,3,male,18.3,3,0,77.33,S,Second,child,True,E,Southampton,False
1,1,male,23.8,4,3,56.21,Q,First,woman,False,B,Queenstown,False
1,2,male,14.7,0,1,23.38,S,Third,woman,True,B,Cherbourg,False
0,1,male,29.5,3,4,77.25,S,Second,man,False,F,Cherbourg,False
0,2,male,24.2,3,0,70.08,C,First,child,False,nan,Southampton,False
1,1,female,45.0,3,1,66.42,S,First,child,True,D,Southampton,True
0,1,male,23.4,2,1,57.83,Q,Second,woman,False,A,Queenstown,False
0,3,female,-2.0,1,0,14.85,S,Second,woman,True,D,Southampton,False
0,1,female,31.8,0,1,93.32,S,Third,man,False,D,Queenstown,False
1,2,female,29.8,4,0,85.93,C,First,child,True,G,Cherbourg,False
1,2,female,17.9,4,0,6.98,Q,Second,child,True,nan,Queenstown,True
0,3,male,31.3,1,2,102.57,S,First,man,True,G,Southampton,False
1,2,female,14.9,3,3,55.27,C,Third,man,True,F,Cherbourg,True
1,2,female,34.6,0,1,55.17,S,Second,woman,False,G,Queenstown,True
1,2,female,66.9,4,1,42.95,Q,Third,woman,False,C,Cherbourg,False
1,1,male,4.7,4,2,46.88,S,First,man,False,F,Queenstown,False
1,1,male,22.8,3,2,104.84,S,Third,man,False,F,Southampton,True
0,2,male,20.5,1,2,91.32,C,Third,child,False,E,Southampton,True
0,3,female,23.9,0,4,90.47,S,First,man,True,E,Cherbourg,False
0,1,female,44.3,1,4,57.38,C,Third,man,True,E,Cherbourg,True
1,3,male,37.6,1,4,85.57,Q,First,child,True,A,Cherbourg,False
1,2,female,41.9,0,0,16.63,S,Second,man,True,C,Queenstown,False
0,2,male,30.4,0,1,73.34,Q,First,woman,True,C,Southampton,True
1,1,male,11.5,4,3,43.86,Q,First,woman,False,E,Cherbourg,False
0,2,female,14.4,4,0,32.39,S,Second,child,True,D,Cherbourg,False
0,1,female,40.4,0,1,13.44,C,First,man,True,A,Cherbourg,False
0,2,female,32.4,2,1,23.48,Q,Second,woman,False,D,Queenstown,True
1,2,female,47.6,4,2,66.61,Q,Second,woman,False,B,Cherbourg,True
1,1,male,34.1,2,2,23.52,S,First,woman,True,C,Cherbourg,True
0,1,male,13.4,0,0,26.36,S,Third,woman,True,C,Queenstown,False
0,1,male,22.7,4,2,80.53,S,Third,man,False,D,Queenstown,True
0,2,male,37.9,1,1,27.8,S,Second,man,True,A,Cherbourg,True
0,2,male,39.9,0,2,103.23,S,Third,man,True,C,Cherbourg,True
1,3,female,42.0,3,4,96.6,S,Third,man,True,D,Queenstown,False
1,1,male,15.3,2,2,50.88,C,First,woman,False,F,Southampton,False
0,2,male,13.2,0,1,80.14,Q,Second,child,True,F,Queenstown,True
0,2,male,27.3,0,0,74.69,C,Second,child,True,G,Southampton,True
1,1,female,50.2,4,3,40.17,C,First,woman,False,A,Cherbourg,True
1,3,female,20.3,4,2,84.47,S,Third,woman,False,D,Cherbourg,False
0,1,female,36.4,4,1,90.36,Q,Second,child,False,G,Southampton,True
0,3,female,36.4,3,3,11.9,C,Third,child,True,F,Queenstown,False
0,2,male,40.7,4,3,56.14,S,Second,woman,False,A,Cherbourg,False
1,3,male,53.3,0,4,55.7,S,Second,woman,True,nan,Southampton,False
1,2,female,51.9,4,3,83.98,Q,Second,man,False,G,Queenstown,True
1,1,female,21.7,1,1,32.25,C,Second,man,True,nan,Southampton,True
0,1,male,0.6,4,1,26.09,C,Third,child,False,E,Queenstown,False
0,1,male,20.5,3,2,56.76,C,Third,woman,True,A,Queenstown,False
1,3,female,31.1,1,2,97.25,S,Third,child,True,B,Queenstown,False
1,2,female,24.9,0,2,2.02,Q,Third,man,False,E,Queenstown,False
0,1,female,57.6,0,3,9.01,Q,First,man,False,G,Southampton,True
1,1,female,30.3,2,3,29.18,C,Second,child,True,D,Southampton,True
1,2,male,39.2,1,4,36.3,S,Second,man,False,E,Southampton,False
0,1,male,33.0,2,2,20.62,C,Second,woman,True,E,Southampton,False
1,2,male,25.1,1,0,109.93,Q,First,child,False,G,Southampton,False
0,2,female,3.1,1,4,44.79,S,Third,woman,False,D,Queenstown,True
0,2,female,28.9,3,0,38.8,C,Second,woman,True,D,Cherbourg,False
0,2,male,75.6,2,3,114.91,C,Third,man,False,F,Cherbourg,True
0,2,male,12.6,3,4,78.71,S,Third,woman,False,B,Southampton,False
0,3,male,4.6,1,4,28.58,Q,First,child,True,D,Southampton,True
0,1,male,57.1,0,1,56.58,S,First,woman,True,C,Cherbourg,True
0,3,female,40.4,1,3,48.33,C,Third,woman,False,C,Queenstown,False
1,1,male,32.6,3,3,107.93,C,Second,woman,True,B,Southampton,True
0,3,male,49.1,2,4,43.3,C,Second,woman,False,A,Queenstown,True
0,2,male,18.4,2,3,7.68,C,First,woman,False,G,Cherbourg,True
1,1,male,28.5,3,4,25.09,Q,First,man,True,A,Cherbourg,True
1,1,male,43.4,2,1,109.01,Q,First,child,True,C,Southampton,False
1,3,male,59.5,4,4,18.46,C,First,man,True,D,Queenstown,False
0,3,male,13.6,0,3,76.81,Q,First,child,True,B,Southampton,False
1,1,female,47.9,0,3,52.87,Q,First,child,True,A,Cherbourg,False
0,3,female,35.3,0,4,33.33,Q,First,child,True,A,Queenstown,False
0,3,female,32.3,2,4,39.61,C,Second,child,False,nan,Southampton,True
0,3,female,29.9,2,4,113.34,S,First,child,False,G,Southampton,True
0,2,male,10.6,1,2,7.92,S,First,woman,True,E,Southampton,True
1,2,female,43.5,1,3,34.54,S,Second,man,False,C,Cherbourg,True
1,3,female,19.0,0,3,86.26,C,Second,man,False,D,Southampton,False
0,3,male,14.9,4,2,1.33,Q,Third,woman,False,B,Queenstown,False
0,2,male,42.4,1,4,102.69,Q,First,child,False,A,Southampton,True
0,2,female,41.0,1,1,85.69,C,First,man,True,G,Cherbourg,False
1,1,female,31.1,2,4,60.87,C,First,woman,False,E,Southampton,True
0,1,male,45.1,4,4,29.87,S,First,woman,False,C,Cherbourg,True
0,2,female,50.0,0,2,6.46,S,Third,man,True,C,Cherbourg,False
1,3,male,48.3,1,3,78.28,C,Second,man,True,G,Queenstown,False
1,3,male,22.6,4,4,159.95,S,Second,child,True,nan,Queenstown,False
0,3,male,44.2,4,3,55.84,Q,First,child,True,B,Southampton,False
1,3,male,33.0,0,0,23.04,C,First,man,False,A,Cherbourg,False
1,1,female,54.2,4,3,68.3,C,First,child,True,B,Cherbourg,False
0,2,male,28.3,4,1,84.41,Q,Third,woman,False,G,Queenstown,False
1,3,male,25.0,4,1,13.29,Q,Third,child,False,G,Queenstown,True
0,1,female,21.4,1,4,24.18,Q,Second,child,True,B,Southampton,False
1,3,male,32.7,0,3,20.1,S,First,woman,True,F,Cherbourg,True
0,2,female,36.5,4,4,28.75,C,First,child,True,E,Queenstown,True
0,1,female,36.8,4,2,43.11,S,First,woman,True,C,Southampton,False
0,2,female,34.9,1,1,15.56,Q,First,child,True,F,Cherbourg,True
1,2,male,39.4,0,4,0.57,S,Third,man,True,D,Cherbourg,False
0,1,female,26.9,2,2,56.98,Q,Second,child,False,C,Queenstown,True
1,1,female,17.8,1,4,42.69,S,Second,man,False,C,Southampton,True
0,1,male,16.6,0,3,32.55,S,Third,man,False,E,Queenstown,True
0,1,female,43.7,4,3,53.33,Q,First,man,False,D,Southampton,False
1,1,female,36.6,0,3,10.81,S,Second,man,True,A,Cherbourg,True
0,1,female,4.0,0,3,60.53,C,Second,man,True,D,Southampton,True
0,1,female,45.4,0,0,33.37,S,Third,woman,False,A,Southampton,True
1,3,female,56.3,2,2,59.58,S,First,woman,False,nan,Southampton,False
0,2,male,20.0,0,2,65.99,C,Second,woman,False,nan,Southampton,True
0,1,female,34.7,2,3,95.25,Q,First,man,True,D,Southampton,False
0,3,female,23.4,4,0,54.12,C,Second,child,True,B,Queenstown,True
0,3,male,38.8,2,3,92.67,S,Third,woman,True,G,Southampton,True
1,3,male,13.7,4,0,37.12,Q,First,child,False,D,Southampton,True
1,2,male,29.0,4,3,39.03,S,Third,child,False,F,Cherbourg,False
0,1,female,43.7,2,1,46.36,S,Second,man,True,F,Southampton,True
1,3,male,47.3,1,1,80.96,C,Third,man,True,E,Cherbourg,True
0,2,female,36.0,3,4,75.24,C,Third,man,False,G,Queenstown,True
1,2,female,25.3,0,3,55.4,Q,Third,woman,False,G,Queenstown,True
0,2,male,7.7,3,2,0.89,Q,Second,man,True,A,Southampton,False
0,3,male,19.4,0,4,74.52,Q,First,woman,False,C,Queenstown,True
0,1,female,23.4,0,1,15.54,S,Third,woman,True,E,Southampton,True
0,3,male,20.2,4,3,13.36,C,First,woman,True,F,Queenstown,True
0,3,female,30.8,0,4,4.46,C,Second,woman,False,F,Southampton,True
0,1,male,25.2,0,3,46.67,C,First,man,False,nan,Southampton,False
1,1,male,32.4,2,1,98.47,Q,Third,woman,False,A,Cherbourg,True
0,1,male,46.8,3,4,11.39,C,Third,man,True,F,Cherbourg,True
1,2,female,24.3,2,1,117.14,C,Third,man,False,F,Cherbourg,False
0,1,male,10.6,0,0,86.39,C,Third,woman,False,A,Cherbourg,True
1,3,female,20.2,4,1,8.58,Q,Third,man,True,F,Southampton,True
1,1,female,38.2,2,3,34.69,C,Third,child,True,C,Queenstown,True
1,3,female,39.5,2,2,8.39,Q,Second,man,False,B,Southampton,False
0,2,female,35.7,1,1,76.6,C,Second,man,True,E,Cherbourg,True
0,3,male,48.2,0,2,10.47,C,Second,woman,True,C,Cherbourg,False
1,3,female,27.4,4,0,14.84,C,First,woman,True,C,Queenstown,False
0,1,female,58.7,2,4,36.97,Q,First,man,False,B,Cherbourg,False
1,1,male,41.5,2,4,96.78,Q,Second,woman,False,nan,Southampton,False
0,3,female,-5.3,4,2,42.3,C,First,child,True,G,Southampton,False
1,1,male,55.2,0,4,65.94,S,First,child,True,E,Southampton,False
1,2,female,19.3,1,1,67.49,Q,Third,woman,True,nan,Southampton,False
0,2,male,15.5,2,2,10.49,Q,Third,man,False,nan,Southampton,True
1,1,female,37.3,1,3,14.03,C,First,child,True,C,Queenstown,True
0,2,male,5.7,3,1,50.26,S,First,child,True,F,Southampton,False
1,1,female,20.3,0,1,27.71,C,Second,man,False,nan,Cherbourg,False
1,3,female,51.8,3,1,118.18,Q,First,woman,True,B,Cherbourg,False
0,3,male,37.8,3,3,0.87,Q,Third,child,False,G,Cherbourg,False
0,2,male,41.4,3,0,13.63,C,First,man,False,E,Cherbourg,False
0,1,male,20.8,0,4,61.62,C,Second,man,False,D,Queenstown,False
1,1,male,8.5,0,2,24.88,S,Third,child,True,A,Cherbourg,True
0,2,female,39.9,4,0,65.67,S,Third,woman,True,F,Queenstown,True
1,3,female,43.0,1,2,127.39,Q,Third,child,False,B,Cherbourg,False
1,2,male,42.4,1,4,7.03,S,Third,man,True,A,Queenstown,False
0,3,female,32.9,4,3,72.44,S,First,child,False,G,Queenstown,False
0,1,male,16.5,4,1,0.14,Q,Second,woman,True,G,Queenstown,True
1,3,male,64.1,3,1,15.48,Q,First,man,False,D,Cherbourg,False
1,2,female,36.7,4,3,14.92,Q,First,woman,False,nan,Queenstown,True
0,1,female,27.6,2,0,20.35,Q,Third,child,True,C,Southampton,True
0,2,female,27.6,1,0,24.23,C,Second,child,True,C,Southampton,True
